Workbook

Sheet Datos
A2: Nºpreguntas | B2: Bloque | C2: Respuesta oficial | D2: V5.5+ PROMPT 1 | E2: Acierto | F2: v5+ prompt 2 | G2: acierto v1p2 | H2: v4.1+ prompt1 | I2: acierto v2p1 | J2: v4.1 + prompt 2 | K2: acierto v2p2
A3: 1 | B3: 1.Prog e Ing | C3: D | D3: D | E3: =IF(D3="", "", IF(D3=C3, 1, 0)) -> 1 | F3: D | G3: =IF(F3="", "", IF(F3=C3, 1, 0)) -> 1 | H3: D | I3: =IF(H3="", "", IF(H3=C3, 1, 0)) -> 1 | J3: D | K3: =IF(J3="", "", IF(J3=C3, 1, 0)) -> 1
A4: 2 | B4: 1. Prog e Ing | C4: B | D4: B | E4: =IF(D4="", "", IF(D4=C4, 1, 0)) -> 1 | F4: B | G4: =IF(F4="", "", IF(F4=C4, 1, 0)) -> 1 | H4: B | I4: =IF(H4="", "", IF(H4=C4, 1, 0)) -> 1 | J4: B | K4: =IF(J4="", "", IF(J4=C4, 1, 0)) -> 1
A5: 3 | B5: 1. Prog e Ing | C5: D | D5: D | E5: =IF(D5="", "", IF(D5=C5, 1, 0)) -> 1 | F5: D | G5: =IF(F5="", "", IF(F5=C5, 1, 0)) -> 1 | H5: D | I5: =IF(H5="", "", IF(H5=C5, 1, 0)) -> 1 | J5: D | K5: =IF(J5="", "", IF(J5=C5, 1, 0)) -> 1
A6: 4 | B6: 1. Prog e Ing | C6: A | D6: A | E6: =IF(D6="", "", IF(D6=C6, 1, 0)) -> 1 | F6: A | G6: =IF(F6="", "", IF(F6=C6, 1, 0)) -> 1 | H6: A | I6: =IF(H6="", "", IF(H6=C6, 1, 0)) -> 1 | J6: A | K6: =IF(J6="", "", IF(J6=C6, 1, 0)) -> 1
A7: 5 | B7: 1. Prog e Ing | C7: A | D7: A | E7: =IF(D7="", "", IF(D7=C7, 1, 0)) -> 1 | F7: A | G7: =IF(F7="", "", IF(F7=C7, 1, 0)) -> 1 | H7: A | I7: =IF(H7="", "", IF(H7=C7, 1, 0)) -> 1 | J7: A | K7: =IF(J7="", "", IF(J7=C7, 1, 0)) -> 1
A8: 6 | B8: 1. Prog e Ing | C8: C | D8: C | E8: =IF(D8="", "", IF(D8=C8, 1, 0)) -> 1 | F8: C | G8: =IF(F8="", "", IF(F8=C8, 1, 0)) -> 1 | H8: C | I8: =IF(H8="", "", IF(H8=C8, 1, 0)) -> 1 | J8: C | K8: =IF(J8="", "", IF(J8=C8, 1, 0)) -> 1
A9: 7 | B9: 1. Prog e Ing | C9: C | D9: C | E9: =IF(D9="", "", IF(D9=C9, 1, 0)) -> 1 | F9: C | G9: =IF(F9="", "", IF(F9=C9, 1, 0)) -> 1 | H9: C | I9: =IF(H9="", "", IF(H9=C9, 1, 0)) -> 1 | J9: C | K9: =IF(J9="", "", IF(J9=C9, 1, 0)) -> 1
A10: 8 | B10: 1. Prog e Ing | C10: D | D10: D | E10: =IF(D10="", "", IF(D10=C10, 1, 0)) -> 1 | F10: D | G10: =IF(F10="", "", IF(F10=C10, 1, 0)) -> 1 | H10: D | I10: =IF(H10="", "", IF(H10=C10, 1, 0)) -> 1 | J10: D | K10: =IF(J10="", "", IF(J10=C10, 1, 0)) -> 1
A11: 9 | B11: 1. Prog e Ing | C11: C | D11: C | E11: =IF(D11="", "", IF(D11=C11, 1, 0)) -> 1 | F11: C | G11: =IF(F11="", "", IF(F11=C11, 1, 0)) -> 1 | H11: C | I11: =IF(H11="", "", IF(H11=C11, 1, 0)) -> 1 | J11: C | K11: =IF(J11="", "", IF(J11=C11, 1, 0)) -> 1
A12: 10 | B12: 1. Prog e Ing | C12: A | D12: A | E12: =IF(D12="", "", IF(D12=C12, 1, 0)) -> 1 | F12: A | G12: =IF(F12="", "", IF(F12=C12, 1, 0)) -> 1 | H12: A | I12: =IF(H12="", "", IF(H12=C12, 1, 0)) -> 1 | J12: A | K12: =IF(J12="", "", IF(J12=C12, 1, 0)) -> 1
A13: 11 | B13: 1. Prog e Ing | C13: B | D13: B | E13: =IF(D13="", "", IF(D13=C13, 1, 0)) -> 1 | F13: B | G13: =IF(F13="", "", IF(F13=C13, 1, 0)) -> 1 | H13: B | I13: =IF(H13="", "", IF(H13=C13, 1, 0)) -> 1 | J13: B | K13: =IF(J13="", "", IF(J13=C13, 1, 0)) -> 1
A14: 12 | B14: 1. Prog e Ing | C14: B | D14: B | E14: =IF(D14="", "", IF(D14=C14, 1, 0)) -> 1 | F14: B | G14: =IF(F14="", "", IF(F14=C14, 1, 0)) -> 1 | H14: B | I14: =IF(H14="", "", IF(H14=C14, 1, 0)) -> 1 | J14: B | K14: =IF(J14="", "", IF(J14=C14, 1, 0)) -> 1
... A102: 100 | B102: 5.Ciberseguridad | C102: A | D102: D | E102: =IF(D102="", "", IF(D102=C102, 1, 0)) -> 0 | F102: D | G102: =IF(F102="", "", IF(F102=C102, 1, 0)) -> 0 | H102: D | I102: =IF(H102="", "", IF(H102=C102, 1, 0)) -> 0 | J102: D | K102: =IF(J102="", "", IF(J102=C102, 1, 0)) -> 0
I103: =IF(H103="", "", IF(H103=C103, 1, 0)) | K103: =IF(J103="", "", IF(J103=C103, 1, 0))

Sheet graficos
A1: Bloque Temático | B1: GPT-4.1 (Prompt 1) | C1: GPT-4.1 (Prompt 2) | D1: GPT-5.5 (Prompt 1) | E1: GPT-5.5 (Prompt 2) | G1: Bloque tematico | H1: Tasa Media de Éxito | J1: Modelo | K1: Prompt 1 (Directo) | L1: Prompt 2 (Analítico)
A2: 1.Prog e Ing | B2: =AVERAGEIF(Datos!$B$2:$B$101, A2, Datos!$I$2:$I$101) -> 1 | C2: =AVERAGEIF(Datos!$B$2:$B$101, A2, Datos!$K$2:$K$101) -> 1 | D2: =AVERAGEIF(Datos!$B$2:$B$101, A2, Datos!$E$2:$E$101) -> 1 | E2: =AVERAGEIF(Datos!$B$2:$B$101, A2, Datos!$G$2:$G$101) -> 1 | G2: =A2 -> 1.Prog e Ing | H2: =AVERAGE(B2:E2) -> 1 | J2: GPT-4.1 | K2: =AVERAGE(B2:B6) -> 0.91684211 | L2: =AVERAGE(C2:C6) -> 0.89526316
A3: 2.Base de datos | B3: =AVERAGEIF(Datos!$B$2:$B$101, A3, Datos!$I$2:$I$101) -> 0.95 | C3: =AVERAGEIF(Datos!$B$2:$B$101, A3, Datos!$K$2:$K$101) -> 0.95 | D3: =AVERAGEIF(Datos!$B$2:$B$101, A3, Datos!$E$2:$E$101) -> 0.95 | E3: =AVERAGEIF(Datos!$B$2:$B$101, A3, Datos!$G$2:$G$101) -> 0.95 | G3: =A3 -> 2.Base de datos | H3: =AVERAGE(B3:E3) -> 0.95 | J3: GPT-5.5 | K3: =AVERAGE(D2:D6) -> 0.90578947 | L3: =AVERAGE(E2:E6) -> 0.91631579
A4: 3.Sistemas y hadware | B4: =AVERAGEIF(Datos!$B$2:$B$101, A4, Datos!$I$2:$I$101) -> 1 | C4: =AVERAGEIF(Datos!$B$2:$B$101, A4, Datos!$K$2:$K$101) -> 1 | D4: =AVERAGEIF(Datos!$B$2:$B$101, A4, Datos!$E$2:$E$101) -> 1 | E4: =AVERAGEIF(Datos!$B$2:$B$101, A4, Datos!$G$2:$G$101) -> 1 | G4: =A4 -> 3.Sistemas y hadware | H4: =AVERAGE(B4:E4) -> 1
A5: 4.Redes y comunicacion | B5: =AVERAGEIF(Datos!$B$2:$B$101, A5, Datos!$I$2:$I$101) -> 0.95 | C5: =AVERAGEIF(Datos!$B$2:$B$101, A5, Datos!$K$2:$K$101) -> 1 | D5: =AVERAGEIF(Datos!$B$2:$B$101, A5, Datos!$E$2:$E$101) -> 1 | E5: =AVERAGEIF(Datos!$B$2:$B$101, A5, Datos!$G$2:$G$101) -> 1 | G5: =A5 -> 4.Redes y comunicacion | H5: =AVERAGE(B5:E5) -> 0.9875
A6: 5.Ciberseguridad | B6: =AVERAGEIF(Datos!$B$2:$B$101, A6, Datos!$I$2:$I$101) -> 0.68421053 | C6: =AVERAGEIF(Datos!$B$2:$B$101, A6, Datos!$K$2:$K$101) -> 0.52631579 | D6: =AVERAGEIF(Datos!$B$2:$B$101, A6, Datos!$E$2:$E$101) -> 0.57894737 | E6: =AVERAGEIF(Datos!$B$2:$B$101, A6, Datos!$G$2:$G$101) -> 0.63157895 | G6: =A6 -> 5.Ciberseguridad | H6: =AVERAGE(B6:E6) -> 0.60526316
